n,matrix_build,matrix_solve
5,8.601699994414957e-05,1.9341400002303998e-05
10,7.163899999795831e-05,2.3766900005739446e-05
20,9.494500000073458e-05,2.5881800002025557e-05
