n,bw_db_setup,bw_lci_solve
5,0.2583886979999761,0.003927524000005178
10,0.25764485599995623,0.003570595999917714
20,0.2780516790001002,0.0037513929999022366
